{"mae": 0.14778750725309167, 
 "std_mae": 0.0008121683452507043, 
 "mse": 0.03990782568215292, 
 "std_mse": 0.0004039623976521325, 
 "rmse": 0.19976687968045814, 
 "std_rmse": 0.0010096855383142011}
