{"prior validity": 10.07, "novel molecules": 80.09950248756219, "unique molecules": 97.3913043478261}