elbo,kl,reconstruction,mse
2.797447238649641,0.002184816247401094,0.6222055618252073,2.1730568366391316
