elbo,kl,reconstruction,mse
2.9168346722920737,0.0008728690445423126,0.5181757013003031,2.3977862199147544
